Link Number,Link
1,https://wiki.icecube.wisc.edu/index.php/Upgrade_Device_Assembly#half_A_1
2,https://wiki.icecube.wisc.edu/index.php/Upgrade_Device_Assembly#half_A_2
3,https://wiki.icecube.wisc.edu/index.php/Upgrade_Device_Assembly#half_A_3
4,https://wiki.icecube.wisc.edu/index.php/Upgrade_Device_Assembly#half_A_4
5,https://wiki.icecube.wisc.edu/index.php/Upgrade_Device_Assembly#half_A_5
6,https://wiki.icecube.wisc.edu/index.php/Upgrade_Device_Assembly#half_A_6
7,https://wiki.icecube.wisc.edu/index.php/Upgrade_Device_Assembly#half_A_7
8,https://wiki.icecube.wisc.edu/index.php/Upgrade_Device_Assembly#half_A_8
9,https://wiki.icecube.wisc.edu/index.php/Upgrade_Device_Assembly#half_A_9
10,https://wiki.icecube.wisc.edu/index.php/Upgrade_Device_Assembly#half_A_10
11,https://wiki.icecube.wisc.edu/index.php/Upgrade_Device_Assembly#half_A_11
12,https://wiki.icecube.wisc.edu/index.php/Upgrade_Device_Assembly#half_A_12
13,https://wiki.icecube.wisc.edu/index.php/Upgrade_Device_Assembly#half_A_13
14,https://wiki.icecube.wisc.edu/index.php/Upgrade_Device_Assembly#half_A_14
15,https://wiki.icecube.wisc.edu/index.php/Upgrade_Device_Assembly#half_A_15
16,https://wiki.icecube.wisc.edu/index.php/Upgrade_Device_Assembly#half_A_16
17,https://wiki.icecube.wisc.edu/index.php/Upgrade_Device_Assembly#half_A_17
18,https://wiki.icecube.wisc.edu/index.php/Upgrade_Device_Assembly#half_A_18
19,https://wiki.icecube.wisc.edu/index.php/Upgrade_Device_Assembly#half_A_19
20,https://wiki.icecube.wisc.edu/index.php/Upgrade_Device_Assembly#half_A_20
21,https://wiki.icecube.wisc.edu/index.php/Upgrade_Device_Assembly#half_A_21
22,https://wiki.icecube.wisc.edu/index.php/Upgrade_Device_Assembly#half_A_22
23,https://wiki.icecube.wisc.edu/index.php/Upgrade_Device_Assembly#half_A_23
24,https://wiki.icecube.wisc.edu/index.php/Upgrade_Device_Assembly#half_A_24
25,https://wiki.icecube.wisc.edu/index.php/Upgrade_Device_Assembly#half_A_25
26,https://wiki.icecube.wisc.edu/index.php/Upgrade_Device_Assembly#half_A_26
27,https://wiki.icecube.wisc.edu/index.php/Upgrade_Device_Assembly#half_A_27
28,https://wiki.icecube.wisc.edu/index.php/Upgrade_Device_Assembly#half_A_28
29,https://wiki.icecube.wisc.edu/index.php/Upgrade_Device_Assembly#half_A_29
30,https://wiki.icecube.wisc.edu/index.php/Upgrade_Device_Assembly#half_A_30
31,https://wiki.icecube.wisc.edu/index.php/Upgrade_Device_Assembly#half_A_31
32,https://wiki.icecube.wisc.edu/index.php/Upgrade_Device_Assembly#half_A_32
33,https://wiki.icecube.wisc.edu/index.php/Upgrade_Device_Assembly#half_A_33
34,https://wiki.icecube.wisc.edu/index.php/Upgrade_Device_Assembly#half_A_34
35,https://wiki.icecube.wisc.edu/index.php/Upgrade_Device_Assembly#half_A_35
36,https://wiki.icecube.wisc.edu/index.php/Upgrade_Device_Assembly#half_A_36
37,https://wiki.icecube.wisc.edu/index.php/Upgrade_Device_Assembly#half_A_37
38,https://wiki.icecube.wisc.edu/index.php/Upgrade_Device_Assembly#half_A_38
39,https://wiki.icecube.wisc.edu/index.php/Upgrade_Device_Assembly#half_A_39
40,https://wiki.icecube.wisc.edu/index.php/Upgrade_Device_Assembly#half_A_40
41,https://wiki.icecube.wisc.edu/index.php/Upgrade_Device_Assembly#half_A_41
42,https://wiki.icecube.wisc.edu/index.php/Upgrade_Device_Assembly#half_A_42
43,https://wiki.icecube.wisc.edu/index.php/Upgrade_Device_Assembly#half_A_43
44,https://wiki.icecube.wisc.edu/index.php/Upgrade_Device_Assembly#half_A_44
45,https://wiki.icecube.wisc.edu/index.php/Upgrade_Device_Assembly#half_A_45
46,https://wiki.icecube.wisc.edu/index.php/Upgrade_Device_Assembly#half_A_46
47,https://wiki.icecube.wisc.edu/index.php/Upgrade_Device_Assembly#half_A_47
48,https://wiki.icecube.wisc.edu/index.php/Upgrade_Device_Assembly#half_A_48
49,https://wiki.icecube.wisc.edu/index.php/Upgrade_Device_Assembly#half_A_49
50,https://wiki.icecube.wisc.edu/index.php/Upgrade_Device_Assembly#half_A_50
51,https://wiki.icecube.wisc.edu/index.php/Upgrade_Device_Assembly#half_A_51
52,https://wiki.icecube.wisc.edu/index.php/Upgrade_Device_Assembly#half_A_52
53,https://wiki.icecube.wisc.edu/index.php/Upgrade_Device_Assembly#half_A_53
54,https://wiki.icecube.wisc.edu/index.php/Upgrade_Device_Assembly#half_A_54
55,https://wiki.icecube.wisc.edu/index.php/Upgrade_Device_Assembly#half_A_55
56,https://wiki.icecube.wisc.edu/index.php/Upgrade_Device_Assembly#half_A_56
57,https://wiki.icecube.wisc.edu/index.php/Upgrade_Device_Assembly#half_A_57
58,https://wiki.icecube.wisc.edu/index.php/Upgrade_Device_Assembly#half_A_58
59,https://wiki.icecube.wisc.edu/index.php/Upgrade_Device_Assembly#half_A_59
60,https://wiki.icecube.wisc.edu/index.php/Upgrade_Device_Assembly#half_A_60
61,https://wiki.icecube.wisc.edu/index.php/Upgrade_Device_Assembly#half_A_61
62,https://wiki.icecube.wisc.edu/index.php/Upgrade_Device_Assembly#half_A_62
63,https://wiki.icecube.wisc.edu/index.php/Upgrade_Device_Assembly#half_A_63
64,https://wiki.icecube.wisc.edu/index.php/Upgrade_Device_Assembly#half_A_64
65,https://wiki.icecube.wisc.edu/index.php/Upgrade_Device_Assembly#half_A_65
66,https://wiki.icecube.wisc.edu/index.php/Upgrade_Device_Assembly#half_A_66
67,https://wiki.icecube.wisc.edu/index.php/Upgrade_Device_Assembly#half_A_67
68,https://wiki.icecube.wisc.edu/index.php/Upgrade_Device_Assembly#half_A_68
69,https://wiki.icecube.wisc.edu/index.php/Upgrade_Device_Assembly#half_A_69
70,https://wiki.icecube.wisc.edu/index.php/Upgrade_Device_Assembly#half_A_70
71,https://wiki.icecube.wisc.edu/index.php/Upgrade_Device_Assembly#half_A_71
72,https://wiki.icecube.wisc.edu/index.php/Upgrade_Device_Assembly#half_A_72
73,https://wiki.icecube.wisc.edu/index.php/Upgrade_Device_Assembly#half_A_73
74,https://wiki.icecube.wisc.edu/index.php/Upgrade_Device_Assembly#half_A_74
75,https://wiki.icecube.wisc.edu/index.php/Upgrade_Device_Assembly#half_A_75
76,https://wiki.icecube.wisc.edu/index.php/Upgrade_Device_Assembly#half_A_76
77,https://wiki.icecube.wisc.edu/index.php/Upgrade_Device_Assembly#half_A_77
78,https://wiki.icecube.wisc.edu/index.php/Upgrade_Device_Assembly#half_A_78
79,https://wiki.icecube.wisc.edu/index.php/Upgrade_Device_Assembly#half_A_79
80,https://wiki.icecube.wisc.edu/index.php/Upgrade_Device_Assembly#half_A_80
81,https://wiki.icecube.wisc.edu/index.php/Upgrade_Device_Assembly#half_A_81
82,https://wiki.icecube.wisc.edu/index.php/Upgrade_Device_Assembly#half_A_82
83,https://wiki.icecube.wisc.edu/index.php/Upgrade_Device_Assembly#half_A_83
84,https://wiki.icecube.wisc.edu/index.php/Upgrade_Device_Assembly#half_A_84
85,https://wiki.icecube.wisc.edu/index.php/Upgrade_Device_Assembly#half_A_85
86,https://wiki.icecube.wisc.edu/index.php/Upgrade_Device_Assembly#half_A_86
87,https://wiki.icecube.wisc.edu/index.php/Upgrade_Device_Assembly#half_A_87
88,https://wiki.icecube.wisc.edu/index.php/Upgrade_Device_Assembly#half_A_88
89,https://wiki.icecube.wisc.edu/index.php/Upgrade_Device_Assembly#half_A_89
90,https://wiki.icecube.wisc.edu/index.php/Upgrade_Device_Assembly#half_A_90
91,https://wiki.icecube.wisc.edu/index.php/Upgrade_Device_Assembly#half_A_91
92,https://wiki.icecube.wisc.edu/index.php/Upgrade_Device_Assembly#half_A_92
93,https://wiki.icecube.wisc.edu/index.php/Upgrade_Device_Assembly#half_A_93
94,https://wiki.icecube.wisc.edu/index.php/Upgrade_Device_Assembly#half_A_94
95,https://wiki.icecube.wisc.edu/index.php/Upgrade_Device_Assembly#half_A_95
96,https://wiki.icecube.wisc.edu/index.php/Upgrade_Device_Assembly#half_A_96
97,https://wiki.icecube.wisc.edu/index.php/Upgrade_Device_Assembly#half_A_97
98,https://wiki.icecube.wisc.edu/index.php/Upgrade_Device_Assembly#half_A_98
99,https://wiki.icecube.wisc.edu/index.php/Upgrade_Device_Assembly#half_A_99
100,https://wiki.icecube.wisc.edu/index.php/Upgrade_Device_Assembly#half_A_100
101,https://wiki.icecube.wisc.edu/index.php/Upgrade_Device_Assembly#half_A_101
102,https://wiki.icecube.wisc.edu/index.php/Upgrade_Device_Assembly#half_A_102
103,https://wiki.icecube.wisc.edu/index.php/Upgrade_Device_Assembly#half_A_103
104,https://wiki.icecube.wisc.edu/index.php/Upgrade_Device_Assembly#half_A_104
105,https://wiki.icecube.wisc.edu/index.php/Upgrade_Device_Assembly#half_A_105
106,https://wiki.icecube.wisc.edu/index.php/Upgrade_Device_Assembly#half_A_106
107,https://wiki.icecube.wisc.edu/index.php/Upgrade_Device_Assembly#half_A_107
108,https://wiki.icecube.wisc.edu/index.php/Upgrade_Device_Assembly#half_A_108
109,https://wiki.icecube.wisc.edu/index.php/Upgrade_Device_Assembly#half_A_109
110,https://wiki.icecube.wisc.edu/index.php/Upgrade_Device_Assembly#half_A_110
111,https://wiki.icecube.wisc.edu/index.php/Upgrade_Device_Assembly#half_A_111
112,https://wiki.icecube.wisc.edu/index.php/Upgrade_Device_Assembly#half_A_112
113,https://wiki.icecube.wisc.edu/index.php/Upgrade_Device_Assembly#half_A_113
114,https://wiki.icecube.wisc.edu/index.php/Upgrade_Device_Assembly#half_A_114
115,https://wiki.icecube.wisc.edu/index.php/Upgrade_Device_Assembly#half_A_115
116,https://wiki.icecube.wisc.edu/index.php/Upgrade_Device_Assembly#half_A_116
117,https://wiki.icecube.wisc.edu/index.php/Upgrade_Device_Assembly#half_A_117
118,https://wiki.icecube.wisc.edu/index.php/Upgrade_Device_Assembly#half_A_118
119,https://wiki.icecube.wisc.edu/index.php/Upgrade_Device_Assembly#half_A_119
120,https://wiki.icecube.wisc.edu/index.php/Upgrade_Device_Assembly#half_A_120
121,https://wiki.icecube.wisc.edu/index.php/Upgrade_Device_Assembly#half_A_121
122,https://wiki.icecube.wisc.edu/index.php/Upgrade_Device_Assembly#half_A_122
123,https://wiki.icecube.wisc.edu/index.php/Upgrade_Device_Assembly#half_A_123
124,https://wiki.icecube.wisc.edu/index.php/Upgrade_Device_Assembly#half_A_124
125,https://wiki.icecube.wisc.edu/index.php/Upgrade_Device_Assembly#half_A_125
126,https://wiki.icecube.wisc.edu/index.php/Upgrade_Device_Assembly#half_A_126
127,https://wiki.icecube.wisc.edu/index.php/Upgrade_Device_Assembly#half_A_127
128,https://wiki.icecube.wisc.edu/index.php/Upgrade_Device_Assembly#half_A_128
129,https://wiki.icecube.wisc.edu/index.php/Upgrade_Device_Assembly#half_A_129
130,https://wiki.icecube.wisc.edu/index.php/Upgrade_Device_Assembly#half_A_130
131,https://wiki.icecube.wisc.edu/index.php/Upgrade_Device_Assembly#half_A_131
132,https://wiki.icecube.wisc.edu/index.php/Upgrade_Device_Assembly#half_A_132
133,https://wiki.icecube.wisc.edu/index.php/Upgrade_Device_Assembly#half_A_133
134,https://wiki.icecube.wisc.edu/index.php/Upgrade_Device_Assembly#half_A_134
135,https://wiki.icecube.wisc.edu/index.php/Upgrade_Device_Assembly#half_A_135
136,https://wiki.icecube.wisc.edu/index.php/Upgrade_Device_Assembly#half_A_136
137,https://wiki.icecube.wisc.edu/index.php/Upgrade_Device_Assembly#half_A_137
138,https://wiki.icecube.wisc.edu/index.php/Upgrade_Device_Assembly#half_A_138
139,https://wiki.icecube.wisc.edu/index.php/Upgrade_Device_Assembly#half_A_139
140,https://wiki.icecube.wisc.edu/index.php/Upgrade_Device_Assembly#half_A_140
141,https://wiki.icecube.wisc.edu/index.php/Upgrade_Device_Assembly#half_A_141
142,https://wiki.icecube.wisc.edu/index.php/Upgrade_Device_Assembly#half_A_142
143,https://wiki.icecube.wisc.edu/index.php/Upgrade_Device_Assembly#half_A_143
144,https://wiki.icecube.wisc.edu/index.php/Upgrade_Device_Assembly#half_A_144
145,https://wiki.icecube.wisc.edu/index.php/Upgrade_Device_Assembly#half_A_145
146,https://wiki.icecube.wisc.edu/index.php/Upgrade_Device_Assembly#half_A_146
147,https://wiki.icecube.wisc.edu/index.php/Upgrade_Device_Assembly#half_A_147
148,https://wiki.icecube.wisc.edu/index.php/Upgrade_Device_Assembly#half_A_148
149,https://wiki.icecube.wisc.edu/index.php/Upgrade_Device_Assembly#half_A_149
150,https://wiki.icecube.wisc.edu/index.php/Upgrade_Device_Assembly#half_A_150
151,https://wiki.icecube.wisc.edu/index.php/Upgrade_Device_Assembly#half_A_151
152,https://wiki.icecube.wisc.edu/index.php/Upgrade_Device_Assembly#half_A_152
153,https://wiki.icecube.wisc.edu/index.php/Upgrade_Device_Assembly#half_A_153
154,https://wiki.icecube.wisc.edu/index.php/Upgrade_Device_Assembly#half_A_154
155,https://wiki.icecube.wisc.edu/index.php/Upgrade_Device_Assembly#half_A_155
156,https://wiki.icecube.wisc.edu/index.php/Upgrade_Device_Assembly#half_A_156
157,https://wiki.icecube.wisc.edu/index.php/Upgrade_Device_Assembly#half_A_157
158,https://wiki.icecube.wisc.edu/index.php/Upgrade_Device_Assembly#half_A_158
159,https://wiki.icecube.wisc.edu/index.php/Upgrade_Device_Assembly#half_A_159
160,https://wiki.icecube.wisc.edu/index.php/Upgrade_Device_Assembly#half_A_160
161,https://wiki.icecube.wisc.edu/index.php/Upgrade_Device_Assembly#half_A_161
162,https://wiki.icecube.wisc.edu/index.php/Upgrade_Device_Assembly#half_A_162
163,https://wiki.icecube.wisc.edu/index.php/Upgrade_Device_Assembly#half_A_163
164,https://wiki.icecube.wisc.edu/index.php/Upgrade_Device_Assembly#half_A_164
165,https://wiki.icecube.wisc.edu/index.php/Upgrade_Device_Assembly#half_A_165
166,https://wiki.icecube.wisc.edu/index.php/Upgrade_Device_Assembly#half_A_166
167,https://wiki.icecube.wisc.edu/index.php/Upgrade_Device_Assembly#half_A_167
168,https://wiki.icecube.wisc.edu/index.php/Upgrade_Device_Assembly#half_A_168
169,https://wiki.icecube.wisc.edu/index.php/Upgrade_Device_Assembly#half_A_169
170,https://wiki.icecube.wisc.edu/index.php/Upgrade_Device_Assembly#half_A_170
171,https://wiki.icecube.wisc.edu/index.php/Upgrade_Device_Assembly#half_A_171
172,https://wiki.icecube.wisc.edu/index.php/Upgrade_Device_Assembly#half_A_172
173,https://wiki.icecube.wisc.edu/index.php/Upgrade_Device_Assembly#half_A_173
174,https://wiki.icecube.wisc.edu/index.php/Upgrade_Device_Assembly#half_A_174
175,https://wiki.icecube.wisc.edu/index.php/Upgrade_Device_Assembly#half_A_175
176,https://wiki.icecube.wisc.edu/index.php/Upgrade_Device_Assembly#half_A_176
177,https://wiki.icecube.wisc.edu/index.php/Upgrade_Device_Assembly#half_A_177
178,https://wiki.icecube.wisc.edu/index.php/Upgrade_Device_Assembly#half_A_178
179,https://wiki.icecube.wisc.edu/index.php/Upgrade_Device_Assembly#half_A_179
180,https://wiki.icecube.wisc.edu/index.php/Upgrade_Device_Assembly#half_A_180
181,https://wiki.icecube.wisc.edu/index.php/Upgrade_Device_Assembly#half_A_181
182,https://wiki.icecube.wisc.edu/index.php/Upgrade_Device_Assembly#half_A_182
183,https://wiki.icecube.wisc.edu/index.php/Upgrade_Device_Assembly#half_A_183
184,https://wiki.icecube.wisc.edu/index.php/Upgrade_Device_Assembly#half_A_184
185,https://wiki.icecube.wisc.edu/index.php/Upgrade_Device_Assembly#half_A_185
186,https://wiki.icecube.wisc.edu/index.php/Upgrade_Device_Assembly#half_A_186
187,https://wiki.icecube.wisc.edu/index.php/Upgrade_Device_Assembly#half_A_187
188,https://wiki.icecube.wisc.edu/index.php/Upgrade_Device_Assembly#half_A_188
189,https://wiki.icecube.wisc.edu/index.php/Upgrade_Device_Assembly#half_A_189
190,https://wiki.icecube.wisc.edu/index.php/Upgrade_Device_Assembly#half_A_190
191,https://wiki.icecube.wisc.edu/index.php/Upgrade_Device_Assembly#half_A_191
192,https://wiki.icecube.wisc.edu/index.php/Upgrade_Device_Assembly#half_A_192
193,https://wiki.icecube.wisc.edu/index.php/Upgrade_Device_Assembly#half_A_193
194,https://wiki.icecube.wisc.edu/index.php/Upgrade_Device_Assembly#half_A_194
195,https://wiki.icecube.wisc.edu/index.php/Upgrade_Device_Assembly#half_A_195
196,https://wiki.icecube.wisc.edu/index.php/Upgrade_Device_Assembly#half_A_196
197,https://wiki.icecube.wisc.edu/index.php/Upgrade_Device_Assembly#half_A_197
198,https://wiki.icecube.wisc.edu/index.php/Upgrade_Device_Assembly#half_A_198
199,https://wiki.icecube.wisc.edu/index.php/Upgrade_Device_Assembly#half_A_199
200,https://wiki.icecube.wisc.edu/index.php/Upgrade_Device_Assembly#half_A_200
201,https://wiki.icecube.wisc.edu/index.php/Upgrade_Device_Assembly#half_A_201
202,https://wiki.icecube.wisc.edu/index.php/Upgrade_Device_Assembly#half_A_202
